{
  "test/flpSandbox.html": 1707839035726,
  "test/integration/pages/RisksList.js": 1707839035794,
  "test/integration/pages/RisksObjectPage.js": 1707839035794,
  "test/integration/opaTests.qunit.js": 1707839035762,
  "test/integration/FirstJourney.js": 1707839035826,
  "test/testsuite.qunit.js": 1707839035734,
  "xs-app.json": 1707841791495,
  "manifest.json": 1707841791551,
  "Component.js": 1707839035614,
  "test/integration/FirstJourney-dbg.js": 1707839035826,
  "test/integration/FirstJourney.js.map": 1707841808586,
  "test/integration/pages/RisksObjectPage-dbg.js": 1707839035794,
  "test/integration/pages/RisksObjectPage.js.map": 1707841808586,
  "test/integration/opaTests.qunit-dbg.js": 1707839035762,
  "test/integration/opaTests.qunit.js.map": 1707841808575,
  "test/integration/pages/RisksList-dbg.js": 1707839035794,
  "test/integration/pages/RisksList.js.map": 1707841808566,
  "test/testsuite.qunit-dbg.js": 1707839035734,
  "test/testsuite.qunit.js.map": 1707841808586,
  "Component-dbg.js": 1707839035614,
  "Component.js.map": 1707841808587,
  "Component-preload.js": 1707841808714,
  "Component-preload.js.map": 1707841808714,
  "test/integration/opaTests.qunit.html": 1707839035750,
  "test/testsuite.qunit.html": 1707839035726,
  "i18n/i18n.properties": 1707839100061,
  "index.html": 1707839035618
}